time,gFx,gFy,gFz,TgF
0.558551718,0.0112,0.8816,0.4747,0.988
1.558720094,-0.0102,0.9002,0.4907,1.012
2.558984743,0.0001,0.8640,0.5095,0.990
3.559395754,0.0313,0.8987,0.5164,1.024
4.559760094,0.0036,0.8885,0.5468,1.030
5.560036787,-0.0012,0.9066,0.5565,1.050
6.565144982,-0.0074,0.8522,0.4546,0.953
7.560663049,-0.0122,0.8669,0.4989,0.987
8.561051681,0.0238,0.8478,0.4755,0.959
9.561554082,0.0252,0.8707,0.4509,0.968
10.561688645,0.0031,0.9598,0.5283,1.082
11.561966599,-0.0005,0.8991,0.5005,1.016
12.562411302,-0.0092,0.9090,0.5214,1.035
13.56289348,-0.0918,0.8957,0.4604,0.999
14.56284038,-0.0972,0.8684,0.4645,0.977
15.563344002,-0.1168,0.8615,0.4345,0.960
16.5637059,-0.1113,0.9254,0.4398,1.018
17.563802377,-0.0903,0.9449,0.4435,1.035
18.56889747,-0.0219,0.8769,0.3961,0.950
19.566878916,-0.0284,0.8790,0.4828,0.990
20.564822439,0.0638,0.9175,0.5120,1.039
21.565285737,0.0375,0.8018,0.5339,0.950
22.56564792,0.0162,0.8249,0.5957,1.004
23.565977063,0.0292,0.8858,0.5202,1.014
24.56635247,-0.0129,0.8674,0.6003,1.041
25.566654798,-0.0094,0.8906,0.4905,1.004
26.566969781,-0.0241,0.8813,0.4732,0.988
27.567569675,0.0086,0.9023,0.4700,1.004
28.567834975,-0.0084,0.9086,0.4831,1.016
29.568124323,-0.0250,0.9013,0.4920,1.014
30.571687515,-0.0285,0.8817,0.4717,0.987
31.570817805,-0.0110,0.8670,0.4650,0.971
32.569302262,-0.0065,0.9007,0.4842,1.010
33.569711768,-0.0182,0.9086,0.4920,1.020
34.57039463,-0.0377,0.9076,0.4871,1.018
35.570740333,-0.0402,0.8773,0.4830,0.989
36.571360777,-0.0305,0.8679,0.4495,0.965
37.57165399,0.0037,0.9330,0.4844,1.038
38.572202208,-0.0104,0.9286,0.4937,1.039
39.572498718,-0.0094,0.9261,0.4982,1.039
40.572639628,0.0151,0.8576,0.4163,0.940
41.572902527,-0.0551,0.8844,0.3832,0.953
42.573211569,-0.0595,0.9386,0.3755,1.000
43.57425995,-0.1104,0.9864,0.3144,1.030
44.573856264,-0.0747,0.9339,0.5047,1.051
45.586948509,-0.0362,0.9085,0.5228,1.036
46.574254824,0.0403,0.8504,0.5449,0.997
47.574487206,-0.0296,0.8610,0.4774,0.972
48.574606713,0.0053,0.8572,0.5626,1.012
49.574888941,-0.0050,0.8825,0.5361,1.019
50.575121078,0.0056,0.8867,0.4986,1.004
51.575232976,-0.0023,0.8887,0.5036,1.008
52.575936102,-0.0160,0.8647,0.4853,0.979
53.576264105,0.0055,0.8822,0.5061,1.004
54.576581733,0.0055,0.9086,0.5084,1.028
55.576746609,-0.0112,0.8689,0.4927,0.986
56.577042834,-0.0308,0.9182,0.4564,1.013
57.577359119,-0.0645,0.9435,0.4446,1.032
58.577536365,-0.0704,0.8878,0.4290,0.976
59.577751779,-0.1935,0.8163,0.5444,0.988
60.578091257,-0.3368,0.8824,0.5566,1.085
61.578204498,-0.2077,0.9280,0.5179,1.071
62.578367991,-0.2269,0.8361,0.4807,0.979
63.578711172,-0.1648,0.8587,0.3824,0.943
64.579420401,-0.0876,0.9534,0.4200,1.033
65.579559155,0.0361,0.9711,0.5350,1.096
66.593034945,-0.0291,0.9035,0.4456,0.995
67.579910881,0.0749,0.8275,0.3626,0.893
68.580227654,-0.0016,1.0057,0.4964,1.109
69.580563877,-0.1096,0.8508,0.4507,0.957
70.580914708,-0.0392,0.8792,0.5122,1.005
71.581372024,0.0302,0.8183,0.4174,0.906
72.581684687,0.0430,0.8706,0.4403,0.963
73.581890092,0.0790,0.8846,0.5804,1.047
74.58208748,0.0115,0.8479,0.5253,0.984
75.582376665,-0.0060,0.9124,0.5249,1.039
76.582819496,-0.0411,0.8162,0.5121,0.951
77.58328788,-0.1370,0.8476,0.5521,1.008
78.592166461,-0.2713,0.8809,0.4972,1.036
79.583799966,-0.2889,0.8667,0.4744,1.018
80.58413037,-0.2382,0.9681,0.5953,1.149
81.584519897,-0.1422,0.8388,0.4796,0.964
82.584996989,-0.0148,0.8631,0.4921,0.980
83.585434652,-0.0269,0.8988,0.5031,1.017
84.585951742,0.0228,0.9071,0.5170,1.031
85.58611845,-0.0140,0.8586,0.4254,0.945
86.586351117,-0.0350,0.8805,0.4039,0.957
87.58688489,-0.0887,0.9270,0.3807,0.994
88.595769534,-0.3662,0.9643,0.3535,1.081
89.587556441,-0.0150,0.8718,0.4116,0.951
90.588036747,0.3267,1.0130,0.3749,1.115
91.588289189,0.1768,1.0223,0.3081,1.070
92.588591842,-0.5049,0.8585,0.5881,1.147
93.589035568,-0.0043,0.9265,0.4058,0.999
94.589255824,0.0329,0.9124,0.4570,1.008
95.590000861,0.0139,0.8167,0.4918,0.940
96.589852587,-0.1686,0.7561,0.5893,0.961
97.590063118,0.4295,0.7800,0.4163,0.969
98.59023247,0.3648,0.9113,0.5865,1.129
99.590621224,-0.2364,0.6666,0.7514,1.020
100.593707325,0.1273,0.7195,0.7597,1.040
101.591091847,0.0716,0.7926,0.8455,1.147
102.591566945,0.0020,0.8720,0.5475,1.016
103.591777761,0.0052,0.8690,0.5061,0.992
104.592746308,-0.0295,0.8563,0.4537,0.957
105.592904471,-0.0222,0.8529,0.4692,0.961
106.59330006,-0.0300,0.8689,0.4429,0.963
107.593594332,-0.0295,0.8587,0.4415,0.953
108.593879122,-0.0478,0.9092,0.5254,1.038
109.594055352,0.0110,0.8875,0.4743,0.993
110.594338311,-0.0325,0.8719,0.4360,0.963
111.594447687,-0.0493,0.8950,0.5255,1.026
112.594609471,-0.0231,0.8573,0.4673,0.964
113.594904515,-0.0328,0.9081,0.4713,1.011
114.59634169,-0.0464,0.8823,0.5081,1.006
115.595961198,-0.0037,0.8919,0.4451,0.984
116.605575334,-0.0002,0.8948,0.4533,0.990
117.60521364,-0.0272,0.8615,0.4366,0.953
118.596539894,-0.0157,0.8973,0.5036,1.016
119.596967059,-0.0464,0.8822,0.5281,1.016
120.596901019,0.0007,0.8952,0.4490,0.988
121.597250548,-0.0120,0.9538,0.4437,1.039
122.597406147,-0.0358,0.8953,0.4705,0.999
123.597571512,-0.0090,0.9045,0.4641,1.004
124.59772581,-0.0411,0.8992,0.4851,1.010
125.598297832,-0.0340,0.8551,0.4377,0.948
126.59841091,-0.0100,0.8991,0.4738,1.003
127.598581443,-0.0023,0.8952,0.4456,0.987
128.598780906,-0.0552,0.8924,0.5355,1.029
129.604188011,-0.0228,0.8913,0.4672,0.994
130.602308902,0.0012,0.9171,0.4732,1.019
131.599433455,-0.0119,0.9118,0.4913,1.023
132.599625553,0.0182,0.8839,0.4579,0.982
133.599875757,-0.0057,0.8941,0.4481,0.987
134.600174138,-0.0004,0.8950,0.4457,0.987
135.600387151,-0.0382,0.8943,0.5067,1.016
136.601090928,-0.0504,0.8786,0.5044,1.001
137.601042426,-0.0427,0.8747,0.4854,0.988
138.601370999,-0.0490,0.8913,0.5034,1.012
139.601550972,-0.0296,0.8770,0.4742,0.984
140.601740507,0.0022,0.9093,0.4914,1.020
141.601948393,-0.0320,0.9020,0.4891,1.014
142.602924468,-0.0266,0.8897,0.4853,1.001
143.602807891,-0.0179,0.8956,0.4740,1.000
144.615107371,-0.0393,0.9040,0.4847,1.014
145.603487498,-0.0132,0.8855,0.5481,1.028
146.604201569,-0.0208,0.8785,0.4683,0.983
147.604868887,-0.0092,0.8936,0.4482,0.987
148.604572705,-0.0169,0.9127,0.4753,1.016
149.605248324,-0.0529,0.8860,0.5156,1.013
150.605086418,-0.0267,0.8760,0.4479,0.971
151.605639357,0.0080,0.9059,0.4768,1.011
152.605969923,0.0074,0.8853,0.4550,0.982
153.606079095,-0.0087,0.8799,0.4507,0.976
154.606406041,0.0211,0.8730,0.4502,0.969
155.606818883,0.0070,0.8789,0.4594,0.979
156.610824051,-0.0236,0.9069,0.5075,1.026
157.609025915,-0.0470,0.8879,0.5209,1.017
158.608350338,-0.0140,0.9107,0.4783,1.016
159.608637122,-0.0251,0.9045,0.5007,1.021
160.608953529,-0.0588,0.8820,0.4986,1.002
161.60939225,-0.0602,0.8805,0.4909,0.997
162.609748289,-0.0460,0.8943,0.5199,1.022
163.609883055,-0.0617,0.8835,0.5010,1.005
164.610304361,-0.0452,0.8961,0.4775,1.004
165.610595622,-0.0476,0.8800,0.5103,1.005
166.610938518,-0.0023,0.9034,0.4598,1.001
167.611099814,0.0025,0.8803,0.4478,0.975
168.611443686,0.0059,0.8911,0.4584,0.989
169.621851279,0.0054,0.8813,0.4522,0.977
170.611932009,-0.0617,0.8849,0.4937,1.002
171.612270348,-0.0181,0.8954,0.4010,0.969
172.612783084,-0.0565,0.9185,0.4399,1.007
173.613046675,-0.2039,1.0353,0.2076,1.065
174.613343022,-0.1038,0.9462,0.1373,0.952
175.613583135,0.0333,0.9519,0.6147,1.120
176.613813644,-0.1147,0.8416,0.5620,1.006
177.61404448,-0.3698,0.7601,0.7100,1.093
178.614561774,-0.4807,0.7639,0.6299,1.091
179.623756192,-0.1939,0.9870,0.4690,1.098
180.615593757,-0.1234,0.9624,0.3906,1.034
181.615618782,-0.0968,1.0706,0.3195,1.110
182.615895679,-0.2120,0.8555,0.1530,0.885
183.616059904,-0.0738,0.7479,0.4062,0.842
184.616403736,-0.1505,0.8123,0.3304,0.878
185.616719777,-0.2238,0.7190,0.3085,0.803
186.616900808,-0.0567,1.1019,0.3436,1.144
187.617317719,-0.1778,0.8559,0.3643,0.936
188.617601533,-0.1278,0.7465,0.4473,0.867
189.617813854,-0.0377,0.9007,0.4006,0.974
190.618200696,-0.1242,0.7872,0.5020,0.929
191.618322034,-0.0366,0.9196,0.5943,1.082
192.618318535,-0.1032,0.8681,0.6446,1.073
193.631786919,-0.1025,0.8715,0.4112,0.957
194.619238499,-0.0264,1.0445,0.5349,1.161
195.619566095,-0.0987,0.8999,0.2044,0.917
196.619864558,-0.3138,0.6773,0.3875,0.831
197.620162206,0.0638,0.7431,0.3270,0.801
198.620752254,0.0108,0.8230,0.1794,0.831
199.621103898,-0.1274,0.8459,0.5713,1.016
200.621316667,-0.1391,0.6961,0.6085,0.922
201.621577369,-0.1059,0.8313,0.5821,1.007
202.621696714,0.0233,1.0574,0.3871,1.114
203.621955707,0.0062,0.9084,0.3961,0.978
204.622389016,-0.0612,0.9714,0.3602,1.026
205.632175719,-0.1232,0.8174,0.5194,0.964
206.628116149,-0.0560,0.8329,0.4840,0.952
207.623226257,-0.0067,1.0183,0.6311,1.185
208.623882955,0.0732,0.7639,0.5061,0.905
209.624303447,-0.0429,0.8988,0.4533,0.995
210.624415346,-0.0631,0.8420,0.4041,0.924
211.624747784,-0.1079,0.9449,0.5482,1.085
212.625104434,-0.0854,0.8441,0.4529,0.949
213.625256045,-0.0360,0.8890,0.4880,1.002
214.625545881,-0.0484,0.9016,0.4036,0.976
215.625898299,0.0206,0.8650,0.4948,0.983
216.626162907,0.0059,0.8997,0.4649,1.000
217.626380803,-0.0852,0.6967,0.5378,0.871
218.626678492,0.0889,0.7747,0.5401,0.935
219.635447943,-0.0938,0.8214,0.5958,1.006
220.627538804,-0.0242,0.8383,0.5429,0.986
221.627820909,-0.2182,0.7580,0.5557,0.953
222.628110827,-0.0850,0.8928,0.4175,0.977
223.628348295,0.0974,0.9799,0.5609,1.120
224.629042794,-0.0735,0.8426,0.6765,1.070
225.629293405,0.0437,0.8164,0.5852,0.992
226.629687814,-0.0516,0.7966,0.6505,1.016
227.629898427,0.1334,0.7811,0.5979,0.978
228.630153961,-0.0090,0.7760,0.4381,0.878
229.630869701,-0.0039,0.8697,0.6293,1.060
230.631101757,-0.0697,0.8610,0.6461,1.065
231.632217073,0.0469,0.8106,0.6671,1.037
232.631821199,-0.0456,0.9179,0.5473,1.057
233.644378451,-0.0320,0.9040,0.6803,1.118
234.632707634,-0.0435,0.7922,0.4630,0.906
235.633050286,-0.0298,0.7979,0.6129,0.993
236.633455845,-0.0128,0.9297,0.5709,1.078
237.633771845,0.0778,0.8470,0.5747,1.013
238.634027664,0.0671,0.7870,0.5849,0.969
239.634526851,0.0200,0.7940,0.6449,1.009
240.634802852,0.0241,0.8255,0.5497,0.978
241.635285844,0.0580,0.7481,0.6544,0.982
242.635452715,-0.0534,0.8676,0.5711,1.027
243.635613645,-0.0052,0.8387,0.5195,0.973
244.635935422,-0.0482,0.8910,0.5090,1.014
245.637781085,-0.0356,0.8782,0.4886,0.993
246.636372639,-0.0468,0.8836,0.4959,1.001
247.636744872,-0.0444,0.8762,0.4857,0.990
248.637033243,-0.0749,0.8764,0.5321,1.015
249.637641887,-0.0454,0.8650,0.4804,0.978
250.638040365,-0.0472,0.8821,0.5003,1.002
251.638377117,-0.0585,0.8596,0.4912,0.979
252.638640301,-0.0414,0.8723,0.4896,0.988
253.638955406,-0.0501,0.8841,0.5178,1.013
254.639489464,-0.0856,0.8788,0.5292,1.017
255.639844974,-0.0458,0.8821,0.4964,1.000
256.640155928,-0.0351,0.8737,0.4823,0.986
257.640355025,-0.0419,0.8948,0.5041,1.015
258.645464523,-0.0764,0.8783,0.5175,1.009
259.643310593,-0.0575,0.8650,0.4927,0.984
260.641375575,-0.0871,1.1566,0.4827,1.244
261.641675624,-0.0818,0.8714,0.5297,1.010
262.642024909,-0.0473,0.8864,0.4920,1.002
263.642161791,-0.0370,0.8870,0.5007,1.006
264.642643888,-0.0638,0.8836,0.4965,1.003
265.642955574,-0.0439,0.8679,0.4795,0.980
266.643282398,-0.0731,0.8602,0.5162,0.993
267.643470549,-0.0483,0.8762,0.4892,0.992
268.643666839,-0.0488,0.8772,0.4906,0.993
269.643908091,-0.0823,0.8812,0.5263,1.017
270.644196503,-0.0585,0.8620,0.4888,0.980
271.654871308,-0.0618,0.8753,0.5189,1.006
272.644590832,-0.0530,0.8709,0.5297,1.008
273.644880627,-0.0653,0.8899,0.5164,1.018
274.645345797,-0.0488,0.8850,0.4882,0.999
275.645756483,-0.0507,0.8825,0.4950,1.000
276.646073337,-0.0730,0.8758,0.5307,1.014
277.646349176,-0.0837,0.8865,0.5233,1.020
278.646973891,-0.0682,0.8674,0.4957,0.989
279.647646784,-0.0424,0.8830,0.4852,0.995
280.647814672,-0.0375,0.8810,0.5004,1.001
281.647966202,-0.0761,0.9353,0.4903,1.046
282.650621558,-0.1182,0.9019,0.4171,0.989
283.648900692,-0.1759,0.9817,0.2126,1.009
284.663580665,-0.1715,1.0786,0.3244,1.128
285.64955263,-0.3149,0.9969,0.1690,1.050
286.649836037,-0.1913,1.0043,0.2602,1.044
287.650252175,-0.1376,1.0914,0.3929,1.157
288.650643574,-0.0258,0.9619,0.6356,1.140
289.650972106,-0.0463,0.7855,0.3520,0.850
290.651260844,-0.1319,0.9673,0.3928,1.041
291.651527975,-0.2382,0.9713,0.3702,1.056
292.651689271,-0.1331,0.9794,0.3314,1.031
293.651832175,-0.1085,0.9833,0.5407,1.115
294.652002586,0.0204,0.7151,0.3841,0.799
295.660775454,-0.0184,0.8422,0.4174,0.927
296.658326073,-0.0059,0.9888,0.4786,1.086
297.652830956,-0.0316,0.9333,0.5278,1.060
298.653187036,0.0052,1.0262,0.6001,1.175
299.653549219,-0.0272,1.0058,0.6680,1.194
300.653748886,-0.0847,0.8733,0.5659,1.031
301.653924098,-0.0941,0.9070,0.3445,0.963
302.654112209,-0.0279,1.0274,0.2840,1.055
303.654398627,0.0320,0.8520,0.4737,0.962
304.654738349,0.0845,0.8488,0.4068,0.932
305.655141466,-0.0991,0.7764,0.5122,0.923
306.65572541,0.0118,0.8386,0.4213,0.926
307.655920113,0.1556,1.1096,0.6433,1.278
308.667257231,0.0396,0.8175,0.5679,0.982
309.656790842,-0.0403,0.8903,0.5720,1.046
310.657047068,-0.0150,0.8568,0.4319,0.947
311.657390452,-0.1167,0.8242,0.4827,0.950
312.657864289,-0.0688,0.9204,0.4978,1.036
313.658284252,-0.0926,0.9041,0.3709,0.970
314.658483186,-0.1362,0.9253,0.4663,1.033
315.658835441,-0.0176,0.9043,0.5086,1.025
316.658958366,0.0607,0.8118,0.4584,0.921
317.659237867,-0.0303,0.8474,0.6547,1.058
318.659591871,-0.2815,1.0343,0.8985,1.386
319.6599178,-0.0809,0.8848,0.5255,1.019
320.660287714,-0.0799,0.7618,0.5708,0.942
321.660826207,-0.1041,0.8562,0.6300,1.055
322.661345413,-0.1428,0.9625,0.5295,1.095
323.673412146,-0.1886,0.9381,0.5425,1.088
324.661893917,-0.1007,0.8455,0.6413,1.053
325.662182776,-0.0819,0.8712,0.5670,1.030
326.662548581,0.0153,0.9216,0.4480,1.012
327.663074501,-0.0610,1.0267,0.6481,1.203
328.663476032,-0.0529,0.7821,0.4912,0.912
329.66373124,-0.1354,0.9743,0.5547,1.117
330.664072265,-0.0702,0.7932,0.4083,0.882
331.664393676,-0.1062,0.8927,0.5849,1.060
332.665117187,0.1868,0.7645,0.6099,0.981
333.665366171,-0.0383,0.9010,0.5934,1.066
334.668840781,0.0358,0.8039,0.6349,1.011
335.666704673,0.0599,0.8054,0.7088,1.061
336.666406618,-0.0614,0.7787,0.7157,1.046
337.666744143,-0.0131,0.7981,0.4393,0.898
338.66704171,0.0758,0.8233,0.6214,1.020
339.667496179,-0.0209,0.9365,0.5361,1.066
340.667801518,0.0367,0.8985,0.5986,1.067
341.668322758,-0.0016,0.8174,0.8127,1.139
342.668776087,0.0887,0.7621,1.0242,1.266
343.668887009,0.1159,0.6581,0.8472,1.065
344.669057013,0.0266,0.7911,0.6399,1.004
345.669179165,-0.0499,0.8827,0.4782,0.992
346.669410204,-0.0875,0.9032,0.4450,0.998
347.6746458,-0.1041,1.0449,0.2628,1.071
348.669890267,-0.0460,1.0854,0.2662,1.107
349.670198576,-0.1680,1.0000,0.2492,1.034
350.670631845,-0.2376,0.9622,0.1386,0.992
351.670866505,-0.2861,1.0053,0.3874,1.104
352.670945282,-0.0124,0.8919,0.4785,0.999
353.67111142,0.0528,0.7800,0.3043,0.826
354.671391612,-0.0754,1.0098,0.5596,1.144
355.671856619,0.0001,0.9301,0.5800,1.083
356.671843558,-0.0817,0.9026,0.4446,0.997
357.671999524,-0.0711,0.7561,0.4540,0.872
358.672405612,0.0267,0.8899,0.5247,1.020
359.672559461,-0.1816,0.9140,0.4628,1.029
360.672842258,-0.0699,1.0415,0.7704,1.284
361.681727065,0.0159,0.8860,0.4839,0.996
362.673184463,-0.0355,0.8332,0.4552,0.937
363.67330515,-0.0433,0.8097,0.4310,0.905
364.67362648,0.0900,0.8391,0.5191,0.977
365.673827042,-0.0951,0.8198,0.5656,0.988
366.674114966,0.1400,0.8064,0.5894,0.994
367.67466172,0.1241,0.9228,0.6323,1.111
368.674775449,0.0391,0.7133,0.6206,0.932
369.674724953,0.0540,0.7424,0.5390,0.905
370.674951475,-0.0350,0.8769,0.5689,1.033
371.675161559,0.0150,0.8079,0.5498,0.964
372.676586242,-0.0799,0.7598,0.5918,0.953
373.677019673,0.0160,0.8177,0.5443,0.969
374.677621399,-0.0415,0.7847,0.4039,0.871
375.677925924,-0.0018,0.8273,0.4591,0.933
376.678312399,0.0059,0.8603,0.5815,1.025
377.678644675,0.0065,0.7974,0.6273,1.001
378.678896466,-0.0850,0.8939,0.4909,1.011
379.679289859,-0.0607,0.9045,0.4445,0.997
380.679490298,-0.0988,0.8562,0.4533,0.961
381.679579858,-0.0618,0.9099,0.4332,0.997
382.679764062,-0.1930,0.9614,0.2574,1.003
383.680065332,-0.0344,0.9469,0.4339,1.030
384.680252223,-0.0974,0.8344,0.2956,0.879
385.68050617,-0.0800,0.9815,0.3583,1.036
386.684564276,-0.0899,1.0193,0.4520,1.106
387.683637071,-0.1206,0.8761,0.3577,0.942
388.681424669,-0.0579,0.9762,0.4260,1.054
389.68156798,-0.1846,0.8672,0.3078,0.928
390.681829252,-0.2442,0.8891,0.2562,0.947
391.682091053,-0.0402,0.6474,0.3768,0.737
392.682512114,-0.0996,1.0462,0.4952,1.149
393.682745554,-0.0935,0.8964,0.2903,0.935
394.683049998,-0.2062,0.9828,0.2310,1.020
395.683334544,-0.1243,0.8752,0.4103,0.962
396.683719921,-0.0623,0.8256,0.5903,1.004
397.684250439,-0.1218,1.0975,0.7034,1.296
398.684463289,-0.0795,0.7652,0.4179,0.863
399.68464318,-0.0301,0.9453,0.5947,1.104
400.685004631,-0.1058,0.8740,0.5638,1.033
401.68885892,-0.0308,1.0321,0.3299,1.072
402.685386834,-0.0407,0.8816,0.4992,1.001
403.685539707,-0.1046,0.8355,0.6235,1.035
404.686106277,-0.0818,0.7938,0.2993,0.840
405.686193843,-0.0341,0.9858,0.5500,1.116
406.686508052,0.0184,0.8995,0.6533,1.098
407.6866842,0.0218,0.8704,0.5112,0.996
408.686856604,-0.0270,0.8010,0.4978,0.930
409.687258949,0.1165,0.9919,0.5247,1.115
410.687399167,0.0941,0.9670,0.5342,1.095
411.687613889,0.1675,0.7331,0.3672,0.823
412.687917113,-0.0914,0.8949,0.4959,1.014
413.687993366,0.0824,0.8688,0.7303,1.124
414.688195068,0.0074,0.7083,0.3129,0.762
415.697101929,0.0138,0.8671,0.6019,1.042
416.688658448,-0.1090,0.7748,0.3259,0.836
417.688787232,0.0116,0.8757,0.5244,1.007
418.688940838,-0.0336,0.8687,0.4340,0.959
419.689182009,-0.0071,0.8454,0.4848,0.961
420.689710126,-0.0340,0.8864,0.4509,0.982
421.689712649,-0.0178,0.8449,0.5082,0.973
422.689868696,-0.0388,0.8620,0.4619,0.966
423.689968754,-0.0771,1.0588,0.6568,1.235
424.690340499,-0.1353,0.8844,0.6198,1.076
425.690421717,-0.0012,0.8410,0.4931,0.962
426.690776169,0.0973,0.8414,0.5074,0.974
427.690914475,0.0347,0.8734,0.5975,1.045
428.691289638,-0.0042,0.8086,0.6351,1.014
429.703597744,0.0151,0.8367,0.5603,0.994
430.691719652,-0.0297,0.8184,0.4534,0.923
431.691945849,-0.0200,0.8194,0.4193,0.908
432.692178109,0.0052,0.9328,0.5162,1.053
433.692437834,-0.0592,0.8982,0.5016,1.018
434.692721648,-0.0422,0.8410,0.4957,0.964
435.69302125,-0.0133,0.9065,0.5102,1.027
436.693378103,-0.1279,0.8885,0.5214,1.026
437.693669973,-0.0266,0.9010,0.4645,1.001
438.693898001,-0.0472,0.9180,0.4094,0.994
439.694107393,-0.0617,0.8352,0.4948,0.960
440.69859364,0.0467,0.9074,0.5231,1.035
441.696329765,-0.0320,0.9242,0.6012,1.090
442.694913506,-0.0347,0.8855,0.5338,1.021
443.695120456,0.1180,0.7966,0.5930,0.986
444.695400608,-0.0148,0.8664,0.5066,0.991
445.695702488,0.0316,0.8713,0.5542,1.019
446.69596555,0.0540,0.8799,0.6875,1.104
447.696411026,0.1034,0.7697,0.6127,0.975
448.696623388,0.0052,0.8269,0.5521,0.981
449.696791439,0.0386,0.8216,0.6208,1.017
450.697086036,0.0498,0.7992,0.6121,0.994
451.697284523,0.0066,0.8462,0.6538,1.056
452.697474058,-0.0012,0.8712,0.4876,0.985
453.697670225,-0.0349,0.8922,0.4816,1.002
454.697925312,-0.0309,0.8903,0.5001,1.009
455.699628478,-0.0354,0.8741,0.4774,0.984
456.712843933,-0.0320,0.8917,0.4797,1.000
457.698613831,-0.0339,0.8907,0.4710,0.995
458.698786316,-0.0275,0.8961,0.4923,1.010
459.699385397,-0.0427,0.8878,0.4983,1.006
460.699716127,-0.0344,0.8986,0.5026,1.017
461.70009011,-0.0315,0.8995,0.4869,1.010
462.700595807,-0.0393,0.8844,0.4808,0.994
463.700767276,-0.0393,0.8790,0.4789,0.989
464.700981469,-0.0451,0.8819,0.4886,0.996
465.701227604,-0.0524,0.8722,0.4882,0.988
466.701382919,-0.0437,0.8824,0.4744,0.990
467.706203964,-0.0237,0.8882,0.4661,0.990
468.703053655,-0.0222,0.9098,0.5025,1.027
469.701959499,-0.0412,0.9112,0.4854,1.020
470.702158555,-0.0515,0.8844,0.4871,0.998
471.702690091,-0.0452,0.8805,0.4842,0.993
472.702904202,-0.0281,0.8893,0.4768,0.996
473.703119779,-0.0422,0.8912,0.4758,0.998
474.703503528,-0.0427,0.8824,0.4832,0.994
475.703774647,-0.0432,0.8766,0.4672,0.981
476.704198475,-0.0246,0.9001,0.5064,1.020
477.704444569,-0.0247,0.8883,0.4894,1.001
478.704681671,-0.0179,0.8946,0.4782,1.001
479.704895946,-0.0236,0.8976,0.5016,1.015
480.709911978,-0.0344,0.8839,0.4837,0.995
481.707241813,-0.0198,0.8994,0.4762,1.005
482.705860221,-0.0560,0.9009,0.4598,1.000
483.706066968,-0.0336,0.8955,0.4456,0.988
484.70629227,-0.0554,0.8918,0.4944,1.008
485.707017531,-0.0130,0.8716,0.4808,0.982
486.706914138,-0.0490,0.8888,0.5169,1.016
487.707193232,-0.0519,0.8835,0.5076,1.007
488.707373774,-0.0189,0.8784,0.4657,0.981
489.70784342,-0.0520,0.8697,0.4790,0.981
490.708058793,-0.0257,0.8990,0.4763,1.005
491.708254025,-0.0457,0.8794,0.4764,0.988
492.708531369,-0.0272,0.8706,0.4565,0.970
493.716574257,-0.0447,0.8682,0.4741,0.977
494.709103351,-0.0380,0.8691,0.4551,0.969
495.709381142,-0.0471,0.8741,0.4974,0.994
496.709665323,-0.0350,0.8692,0.4692,0.975
497.710129312,-0.0179,0.9038,0.4757,1.009
498.710293416,-0.0378,0.8868,0.5017,1.007
499.710452311,-0.0715,0.9254,0.4733,1.029
500.710640422,-0.0413,0.8721,0.4790,0.983
501.710860475,-0.0256,0.8697,0.5057,0.993
502.711087852,-0.0379,0.8902,0.4779,0.998
503.711325645,-0.0223,0.8872,0.4744,0.993
504.711452883,-0.0495,0.8932,0.5144,1.019
505.7118807,-0.0340,0.8730,0.4771,0.982
506.71209648,-0.0277,0.8832,0.4721,0.989
507.721402836,-0.0311,0.8715,0.4649,0.975
508.712399663,-0.0092,0.8895,0.4754,0.996
509.712729945,-0.0404,0.8695,0.4669,0.975
510.713000657,-0.0267,0.8929,0.4740,0.998
511.713310919,-0.0691,0.8749,0.4972,0.996
512.713503872,-0.0638,0.9217,0.4549,1.017
513.713676236,-0.0687,0.9110,0.4692,1.014
514.713929939,-0.1889,1.0010,0.2267,1.033
515.714045459,-0.0866,0.9225,0.3508,0.979
516.714149707,-0.1254,1.0220,0.2536,1.050
517.714644093,-0.1119,0.8762,0.3882,0.953
518.714681528,-0.0878,0.9329,0.4330,1.020
519.714896983,-0.1290,0.9416,0.3649,1.006
520.724908132,-0.1367,0.8864,0.3834,0.964
521.71548996,-0.0765,0.9764,0.4478,1.064
522.715730439,-0.0230,0.8444,0.4428,0.941
523.715788627,-0.0413,0.8920,0.5023,1.012
524.718373344,0.0021,0.9180,0.3515,0.971
525.71649277,-0.0437,1.0289,0.3308,1.070
526.716558892,-0.0405,0.9582,0.5934,1.115
527.716761326,-0.1175,0.8759,0.4617,0.985
528.717211969,0.0394,0.8488,0.4240,0.936
529.717460098,-0.0372,0.8859,0.3898,0.956
530.717732803,-0.1353,0.8601,0.3723,0.935
531.717788061,-0.0415,0.6787,0.3306,0.743
532.717950415,-0.0026,0.8447,0.5591,0.999
533.718694841,0.0406,1.0013,0.4759,1.096
534.71869065,-0.0139,0.9278,0.3617,0.984
535.731561378,0.0393,0.9068,0.3860,0.973
536.719131203,-0.0106,0.8584,0.3549,0.916
537.719313414,-0.1828,0.9339,0.6018,1.114
538.719612527,-0.0433,0.9818,0.4612,1.073
539.719881693,-0.0206,0.8830,0.3951,0.955
540.720392436,-0.1139,0.8599,0.5252,1.001
541.720541443,0.0196,0.8997,0.4758,1.005
542.720884583,0.0086,0.8581,0.4016,0.935
543.721032899,-0.0513,0.8440,0.4247,0.934
544.721199363,0.0272,0.8815,0.4150,0.962
545.721492698,-0.0180,0.8631,0.4699,0.970
546.724370588,-0.0063,0.9156,0.5951,1.079
547.72222268,-0.0421,0.9039,0.5641,1.053
548.722484765,0.0898,0.8142,0.5079,0.950
549.722775578,-0.0031,0.8755,0.5656,1.029
550.723104802,-0.0311,0.8871,0.4741,0.993
551.723503321,-0.0474,0.8277,0.5808,0.999
552.723883042,-0.0843,0.7749,0.4936,0.910
553.724044623,-0.0380,0.9088,0.5923,1.072
554.724204088,-0.0054,0.8543,0.4421,0.949
555.724440864,0.0983,0.8271,0.5789,1.000
556.724643379,0.0863,0.7383,0.6327,0.962
557.725014229,0.0007,0.8176,0.7088,1.068
558.72510448,0.0824,0.7891,0.6489,1.011
559.72531847,-0.0335,0.8527,0.6624,1.067
560.726635365,0.1245,0.8453,0.6790,1.077
561.725677846,0.0752,0.7696,0.6773,1.014
562.739541331,0.0737,0.8287,0.6613,1.049
563.726306713,-0.0120,0.8949,0.5325,1.028
564.726479117,0.0107,0.8584,0.6228,1.047
565.726897778,-0.0025,0.8614,0.6116,1.043
566.727056348,-0.0194,0.8875,0.4995,1.005
567.727762566,-0.0024,0.9060,0.4749,1.010
568.727894443,-0.0488,0.8718,0.4777,0.982
569.728022007,-0.0186,0.8776,0.4699,0.983
570.728333816,-0.0316,0.9050,0.4867,1.015
571.728529698,-0.0574,0.9085,0.4941,1.023
572.728847367,-0.0302,0.8884,0.4742,0.995
573.729051591,-0.0254,0.8732,0.4655,0.977
574.729351518,-0.0093,0.8835,0.4620,0.984
575.729601234,-0.0089,0.8854,0.4630,0.986
576.729941037,-0.0297,0.8943,0.4990,1.011
577.741213092,-0.0419,0.8903,0.4757,0.997
578.730278074,-0.0677,0.8767,0.4973,0.997
579.730568195,-0.0492,0.8860,0.4937,1.003
580.730670368,-0.0541,0.8762,0.4841,0.990
581.730862955,-0.0293,0.8835,0.4684,0.987
582.731043905,-0.0209,0.8982,0.4804,1.006
583.73115739,-0.0093,0.9040,0.4672,1.005
584.731442709,-0.0200,0.8927,0.4697,0.996
585.731663657,-0.0394,0.8982,0.4941,1.013
586.731932904,-0.0692,0.9012,0.5025,1.021
587.732038333,-0.0449,0.8669,0.4802,0.979
588.732283776,-0.0151,0.8957,0.4794,1.003
589.732600589,-0.0230,0.8756,0.4733,0.983
590.73276864,-0.0317,0.8786,0.4606,0.980
591.742851079,-0.0609,0.8806,0.4929,0.998
592.741266566,-0.0381,0.8825,0.4611,0.984
593.733536667,-0.0410,0.8860,0.4723,0.992
594.733732062,-0.0226,0.8878,0.4172,0.968
595.734090135,-0.0615,0.9372,0.4559,1.031
596.734431241,-0.0615,0.9132,0.4473,1.006
597.734720751,-0.0946,0.9333,0.4633,1.034
598.734876554,-0.1336,0.8909,0.4808,1.009
599.735041268,-0.0883,0.9001,0.4538,0.999
600.735529346,-0.1513,1.1038,0.2138,1.124
601.735810434,-0.1057,0.9985,0.3333,1.046
602.735972381,0.0329,0.9037,0.3974,0.975
603.736312266,-0.1129,0.9336,0.3908,1.006
604.73638677,-0.1424,0.8358,0.3356,0.900
605.745091035,-0.0972,0.9562,0.4194,1.036
606.743529797,-0.0320,0.9226,0.5373,1.055
607.737218681,-0.1306,0.9135,0.3462,0.974
608.737517265,0.0457,0.8965,0.4447,0.989
609.737710625,-0.1463,0.9890,0.4601,1.089
610.73794203,-0.1644,0.8758,0.2877,0.925
611.738155817,0.0488,0.9286,0.6398,1.115
612.738378066,-0.1065,0.7907,0.4616,0.909
613.738506037,-0.1290,0.8101,0.4157,0.908
614.738763972,-0.0023,0.9544,0.3675,1.010
615.738922095,-0.0704,0.8905,0.5615,1.042
616.739171688,-0.0255,0.9176,0.4589,1.013
617.73950783,0.0732,0.8938,0.3511,0.950
618.739686663,-0.0868,1.0195,0.6035,1.175
619.739974668,-0.0424,0.8839,0.5114,1.009
620.740200906,-0.0358,0.9363,0.5767,1.087
621.740339863,-0.0311,0.9240,0.5296,1.052
622.740628275,0.0893,0.8936,0.5172,1.023
623.740801819,0.0364,0.6855,0.4873,0.828
624.741042786,-0.1207,0.7396,0.5951,0.944
625.741153382,0.0156,0.7779,0.5418,0.934
626.741499859,0.0762,0.8292,0.5509,0.985
627.741667462,0.1015,0.7662,0.5728,0.948
628.742079083,-0.0101,0.6616,0.7405,0.979
629.742248924,0.0335,0.8427,0.4667,0.950
630.742547997,-0.0314,0.8545,0.4376,0.948
631.742894799,0.0631,0.9332,0.5512,1.072
632.752556502,-0.0406,0.8046,0.4779,0.924
633.749697291,-0.0305,0.8847,0.4427,0.977
634.743746729,-0.0402,0.8647,0.4463,0.961
635.743930405,-0.0396,0.8614,0.4877,0.978
636.744174994,-0.0463,0.8267,0.5319,0.971
637.744448839,0.0062,0.8769,0.4670,0.980
638.744677233,-0.0997,0.9336,0.4328,1.022
639.745022977,-0.1514,1.0109,0.2551,1.043
640.745156685,-0.1071,0.9955,0.3700,1.056
641.745368396,0.0172,0.9504,0.3802,1.011
642.746291411,-0.0217,0.9806,0.5720,1.122
643.745811797,0.0203,0.9759,0.4536,1.063
644.757920359,-0.0959,0.9779,0.3843,1.043
645.746479442,-0.0620,0.9687,0.4763,1.069
646.746615184,-0.0146,0.7282,0.4103,0.823
647.746854565,-0.0192,0.9164,0.4385,1.003
648.747228589,-0.0170,0.9263,0.5374,1.058
649.748087394,-0.0849,1.0814,0.6080,1.231
650.748247022,0.0309,0.9299,0.4100,1.004
651.748496168,-0.0439,0.8883,0.3283,0.936
652.748838332,-0.0175,0.7868,0.3918,0.866
653.748988886,0.0062,0.9314,0.5982,1.093
654.749461786,-0.0432,0.9187,0.5925,1.081
655.749662755,-0.0292,0.8121,0.5354,0.960
656.749925736,0.1732,0.9099,0.7176,1.157
657.760068233,-0.0396,0.7611,0.6488,0.987
658.750376705,0.0505,0.8446,0.4481,0.944
659.750657834,0.0511,0.7622,0.5038,0.901
660.751323321,0.0540,0.8038,0.7996,1.121
661.751491005,0.1270,0.7768,0.7680,1.085
662.751805133,-0.0645,0.9136,0.4669,1.015
663.752062743,-0.0400,0.8868,0.5079,1.010
664.752340331,-0.0576,0.8643,0.4770,0.976
665.752609985,-0.0419,0.8932,0.5113,1.017
666.752810629,-0.0664,0.8726,0.4872,0.989
667.753000733,-0.0435,0.8756,0.4832,0.988
668.753246014,-0.0478,0.8795,0.4895,0.995
669.753347902,-0.0454,0.8839,0.4880,0.998
670.764530683,-0.0263,0.8829,0.5123,1.008
671.760814863,-0.0253,0.8863,0.4996,1.005
672.75427401,-0.0454,0.8809,0.4876,0.995
673.754118575,-0.0488,0.8756,0.4915,0.992
674.754659794,-0.0488,0.8683,0.4760,0.978
675.755093063,-0.0474,0.8717,0.4788,0.983
676.75546021,-0.0273,0.8873,0.4826,0.997
677.755724371,-0.0308,0.8751,0.4885,0.990
678.755871792,-0.0366,0.8776,0.5031,0.999
679.756182746,-0.0438,0.8971,0.5128,1.021
680.756656583,-0.0303,0.8819,0.4943,0.998
681.75688221,-0.0278,0.8995,0.5015,1.017
682.756987964,-0.0400,0.9117,0.4951,1.025
683.757399545,-0.0444,0.8717,0.4934,0.990
684.760774789,-0.0396,0.8741,0.4803,0.985
685.758319427,-0.0386,0.8863,0.4821,0.997
686.773534068,-0.0269,0.9039,0.4844,1.013
687.758502493,-0.0341,0.9000,0.4947,1.015
688.759136811,-0.0444,0.8809,0.4871,0.995
689.759062756,-0.0088,0.8985,0.4995,1.015
690.75976934,-0.0497,0.8936,0.5046,1.014
691.759934624,-0.0568,0.8739,0.4585,0.976
692.760203382,-0.0534,0.9007,0.4237,0.984
693.760399834,-0.0223,0.8629,0.5827,1.028
694.760559503,-0.0752,0.9198,0.4738,1.025
695.76080987,-0.0533,0.8676,0.4927,0.986
696.761088516,-0.0444,0.9042,0.5100,1.026
697.761238704,-0.0148,0.8934,0.4773,1.000
698.761423478,-0.0703,0.8998,0.5096,1.024
699.773310604,-0.0407,0.8616,0.4655,0.967
700.762268124,-0.0319,0.8836,0.4818,0.994
701.762247047,-0.0338,0.8880,0.5072,1.010
702.762383197,-0.0582,0.8783,0.4985,0.999
703.762516498,-0.0387,0.8817,0.4877,0.995
704.763009988,-0.0474,0.8783,0.4926,0.995
705.762964334,-0.0470,0.8831,0.4770,0.992
706.763679748,-0.0469,0.8793,0.5014,1.000
707.763453715,-0.0654,0.8930,0.5184,1.022
708.76363442,-0.0688,0.8940,0.5091,1.018
709.763929831,-0.0499,0.8602,0.4821,0.974
710.764291282,-0.0241,0.8885,0.4871,1.001
711.764468569,-0.0407,0.8661,0.4761,0.976
712.764724998,-0.0563,0.8958,0.4448,0.989
713.774448957,-0.0616,0.8856,0.4897,1.001
714.765455834,-0.0178,0.8679,0.4517,0.966
715.765770084,-0.0268,0.8676,0.5374,1.008
716.765950342,-0.0869,0.9091,0.4813,1.020
717.766558171,-0.0821,0.8847,0.4741,0.994
718.766821925,-0.0797,0.8831,0.4610,0.987
719.767033473,-0.0446,0.8973,0.4593,0.996
720.76746837,-0.0491,0.9065,0.4252,0.990
721.767695584,-0.1269,0.9568,0.1464,0.966
722.768230252,-0.1868,0.9665,0.3243,1.025
723.768442818,-0.1107,0.9903,0.5051,1.105
724.76870645,-0.0297,0.8493,0.4070,0.930
725.768960112,-0.0861,0.7948,0.4544,0.907
726.777604766,-0.0930,0.8981,0.5769,1.059
727.775054921,-0.0744,0.9167,0.5820,1.075
728.769960927,-0.0331,0.8420,0.3954,0.918
729.770158397,-0.1224,0.9363,0.3419,0.993
730.77035786,-0.1012,0.9458,0.2555,0.974
731.770520947,-0.0563,0.8485,0.4509,0.950
732.770963005,0.0255,0.8107,0.4276,0.904
733.771569166,0.0258,0.7611,0.5283,0.913
734.771189446,0.0607,0.8589,0.5971,1.034
735.771629306,0.0427,0.7352,0.5148,0.885
736.771999587,0.0053,0.8192,0.5308,0.963
737.772163813,-0.0927,0.8706,0.5064,0.999
738.77246846,-0.0705,0.9259,0.5775,1.081
739.779148636,0.0190,0.8589,0.5437,1.003
740.776965409,-0.0800,0.8760,0.5317,1.015
741.773269568,0.0211,0.7984,0.6031,0.987
742.773605588,-0.0218,0.8419,0.5810,1.010
743.773890175,-0.0596,0.8924,0.4706,0.998
744.774268146,-0.0328,0.9203,0.4835,1.027
745.774559365,-0.0570,0.9004,0.5329,1.035
746.774802611,-0.0394,0.8614,0.5814,1.027
747.775175048,-0.0209,0.8369,0.5474,0.987
748.775664266,-0.0382,0.8739,0.4892,0.989
749.775736817,-0.0318,0.8847,0.4979,1.003
750.776076742,-0.0250,0.8817,0.4905,0.996
751.776174114,-0.0348,0.8910,0.4779,0.999
752.776317873,-0.0182,0.8856,0.4818,0.995
753.779675458,-0.0490,0.8768,0.4692,0.983
754.777631635,-0.0334,0.8548,0.4777,0.967
755.791510867,-0.0348,0.8787,0.4741,0.986
756.777527063,-0.0640,0.8979,0.5086,1.021
757.777986373,-0.0689,0.8832,0.5073,1.008
758.778263636,-0.0654,0.8856,0.5063,1.009
759.778571213,-0.0465,0.8836,0.4877,0.997
760.778968349,-0.0226,0.8997,0.4856,1.010
761.779528042,-0.0260,0.8958,0.4876,1.007
762.779825772,-0.0416,0.8836,0.4824,0.995
763.780081509,-0.0732,0.8783,0.5122,1.007
764.780381803,-0.0431,0.8778,0.4877,0.992
765.780599007,-0.0090,0.8958,0.4778,1.002
766.781035572,-0.0236,0.8982,0.4851,1.008
767.781172128,-0.0547,0.8715,0.5098,0.998
768.793819386,-0.0201,0.8963,0.4861,1.007
769.782031545,-0.0046,0.8972,0.4738,1.002
770.782324595,-0.0426,0.8816,0.4775,0.991
771.782665294,-0.0668,0.8891,0.5243,1.021
772.783230602,-0.0703,0.8837,0.5112,1.010
773.783585909,-0.0363,0.8675,0.4761,0.977
774.783928642,-0.0280,0.8650,0.4776,0.975
775.784173312,-0.0562,0.8676,0.5117,0.996
776.784524794,-0.0616,0.8905,0.4950,1.008
777.784961969,-0.0324,0.8826,0.4755,0.990
778.785126642,-0.0012,0.8938,0.4734,0.998
779.800581924,-0.0795,0.8769,0.5210,1.010
780.796251236,-0.0586,0.8895,0.5067,1.012
781.78593483,-0.0465,0.8900,0.4921,1.005
782.786154557,-0.0256,0.8684,0.4819,0.980
783.786731096,0.0110,0.8967,0.4675,0.998
784.787107032,-0.0280,0.8855,0.4687,0.989
785.787476743,-0.0683,0.8783,0.5229,1.012
786.787795144,-0.0707,0.8983,0.5130,1.024
787.788013528,-0.0280,0.8767,0.4668,0.981
788.788183857,-0.0548,0.8811,0.4819,0.993
789.788406839,-0.0640,0.8715,0.5147,1.001
790.788544983,-0.0664,0.8974,0.5076,1.020
791.788819886,-0.0529,0.8709,0.4908,0.988
792.789052511,-0.0334,0.8748,0.4766,0.984
793.789301861,-0.0504,0.8631,0.4913,0.982
794.795610659,-0.0576,0.8769,0.5141,1.005
795.79036664,-0.0669,0.8632,0.5104,0.992
796.79052342,-0.0693,0.8983,0.5223,1.029
797.790962955,-0.0626,0.8871,0.4990,1.007
798.79093964,-0.0339,0.8694,0.4717,0.977
799.791483871,-0.0461,0.8611,0.4743,0.971
800.791468572,-0.0158,0.9016,0.4729,1.005
801.791819321,-0.0474,0.8861,0.4989,1.005
802.7920327,-0.0530,0.8874,0.4468,0.982
803.792522162,-0.0256,0.8587,0.4913,0.977
804.79247427,-0.0378,0.8811,0.4800,0.991
805.792586779,-0.0479,0.8846,0.5165,1.012
806.792900785,-0.0192,0.8850,0.4838,0.996
807.81183446,-0.0725,0.9084,0.4492,1.003
808.793542998,-0.0550,0.8966,0.4088,0.974
809.793411488,-0.0769,0.9196,0.4213,1.002
810.793707468,-0.2019,1.0403,0.1767,1.065
811.794508006,-0.0671,0.8781,0.4357,0.970
812.794943309,-0.0645,0.8368,0.5115,0.970
813.794859569,-0.0294,0.8987,0.4954,1.014
814.795178255,-0.1218,0.9543,0.4008,1.030
815.795658683,-0.1316,0.9538,0.3915,1.028
816.79586482,-0.0366,0.9530,0.5418,1.084
817.796292392,-0.0608,0.8083,0.4567,0.918
818.79674979,-0.0447,0.8219,0.4561,0.928
819.798657098,-0.0394,0.8817,0.5613,1.033
820.797280186,-0.1033,0.9643,0.5546,1.105
821.797423253,-0.1048,0.9918,0.3780,1.055
822.798138382,-0.1489,0.8729,0.4697,0.990
823.798557247,-0.1231,1.0144,0.4534,1.106
824.798797563,-0.0060,0.9879,0.6315,1.159
825.799396522,-0.1040,1.0619,0.4617,1.150
826.799388384,-0.0910,0.7830,0.4867,0.914
827.7999683,-0.0865,0.9348,0.4811,1.042
828.799681842,-0.0021,0.9104,0.5098,1.030
829.800009195,-0.0573,0.3063,0.3013,0.420
830.800226806,-0.1536,0.7916,0.4084,0.892
831.801302571,-0.1470,0.9017,0.4777,1.019
832.801002238,-0.0540,0.9215,0.4315,1.006
833.80123226,0.0178,0.9389,0.6201,1.112
834.80197457,-0.1690,0.7993,0.3207,0.866
835.80207715,-0.2305,0.9085,0.4190,1.015
836.802379966,-0.2669,0.9570,0.4723,1.089
837.802649132,0.1369,0.9446,0.3581,1.006
838.802983117,0.0554,0.9525,0.3369,0.999
839.803359867,0.0856,1.2562,0.5615,1.366
840.803808191,-0.0371,0.9347,0.2102,0.948
841.804076868,-0.0716,0.9189,0.5772,1.075
842.804290085,0.0026,1.0232,0.7516,1.256
843.804629766,-0.1220,0.7608,0.3876,0.850
844.804755865,0.0375,0.7993,0.4103,0.886
845.806784918,-0.0076,0.9933,0.4489,1.077
846.820450772,0.0535,1.2192,0.5965,1.345
847.805550951,-0.1435,1.0832,0.6220,1.245
848.805911507,-0.0927,0.8656,0.5354,1.009
849.806245858,-0.0303,1.1964,0.6032,1.327
850.806627939,-0.0634,1.0149,0.6885,1.215
851.806834401,-0.0007,0.9399,0.6309,1.119
852.807148936,0.0438,0.8913,0.5216,1.020
853.807828827,0.0073,0.7392,0.4240,0.839
854.808092947,-0.1442,0.7440,0.7737,1.070
855.808405814,0.0311,0.9961,0.6519,1.177
856.808399344,-0.0306,0.8950,0.4190,0.976
857.810154472,0.1534,0.8228,0.5106,0.966
858.808964979,-0.0575,0.9782,0.6981,1.190
859.819514377,-0.1341,1.0173,0.6804,1.218
860.809714206,0.0169,0.8810,0.5184,1.009
861.809965712,-0.1401,0.7537,0.5417,0.926
862.810139297,0.0444,0.9206,0.5531,1.061
863.810652684,0.0829,0.9444,0.7077,1.169
864.811091731,0.0561,0.8051,0.4462,0.909
865.811457007,0.0392,0.8371,0.3282,0.887
866.811684668,-0.0645,0.9046,0.5258,1.035
867.811891537,0.0485,0.9976,0.4785,1.094
868.812337949,0.1619,1.0248,0.2202,1.048
869.812536965,-0.1732,0.9433,0.3504,1.010
870.812805683,-0.1210,0.8164,0.3863,0.899
871.812993793,-0.0577,0.9356,0.6668,1.137
872.819498595,0.0378,0.8351,0.5318,0.977
873.813614685,0.0954,0.8915,0.6686,1.104
874.814142965,0.0130,0.9038,0.6741,1.114
875.814399842,0.1533,0.8479,0.6493,1.065
876.8147853,0.0354,0.8917,0.5124,1.016
877.815060528,0.0771,0.9470,0.5850,1.102
878.815377708,0.0464,0.8631,0.6081,1.043
879.815871849,0.0827,0.9567,0.3418,1.007
880.816167382,0.2812,1.0649,0.3316,1.137
881.816405623,0.1091,1.0936,0.1882,1.104
882.816675317,-0.1842,1.0177,0.4230,1.106
883.816938908,-0.1747,0.9736,0.3414,1.035
884.822202011,-0.2052,0.9270,0.2444,0.970
885.819902166,-0.1378,0.9577,0.4418,1.052
886.818211737,-0.2091,0.8464,0.4453,0.967
887.818525377,-0.1240,0.9298,0.6378,1.121
888.818892239,-0.0447,0.9034,0.4477,0.997
889.819342313,-0.0107,0.8383,0.4067,0.919
890.819746773,0.0565,0.7167,0.4347,0.826
891.820057768,-0.1083,0.8617,0.5315,1.005
892.820308135,-0.0769,0.9059,0.4371,0.996
893.820506133,-0.0833,0.8645,0.2713,0.898
894.820799062,-0.1245,0.8192,0.5119,0.961
895.821108389,-0.0794,0.9619,0.5584,1.102
896.821442658,-0.1587,0.7952,0.4903,0.935
897.82258011,0.0219,0.7606,0.3975,0.845
898.822166414,-0.0139,0.9120,0.3278,0.957
899.822398674,-0.0638,0.9581,0.4020,1.029
900.822774936,-0.0562,0.9012,0.5155,1.027
901.823050652,0.0048,0.8840,0.5144,1.009
902.823867425,0.0085,0.7999,0.4907,0.925
903.824100132,-0.0758,0.7830,0.4921,0.915
904.824419347,0.0331,0.9075,0.5312,1.039
905.824675817,-0.0961,0.9452,0.5152,1.068
906.82502738,-0.0273,0.8477,0.3945,0.923
907.826235714,-0.0203,0.8546,0.4724,0.964
908.829971473,-0.0512,0.9399,0.5629,1.084
909.827375526,-0.0162,0.9192,0.5079,1.037
910.826627032,0.0093,0.8848,0.4277,0.970
911.826869668,0.0203,0.9010,0.5177,1.026
912.827129271,-0.0324,0.9225,0.4782,1.027
913.827928303,-0.0051,0.8278,0.5194,0.964
914.828368286,-0.0066,0.8770,0.4849,0.989
915.828609375,0.0355,0.8815,0.5300,1.016
916.829064128,-0.1093,0.9136,0.3909,0.988
917.829236532,-0.0336,0.8550,0.4276,0.944
918.829513307,-0.1053,0.8170,0.4154,0.910
919.829714764,-0.0429,0.8931,0.4166,0.974
920.829860517,-0.0363,0.9196,0.4958,1.032
921.83152222,-0.0208,0.8194,0.4556,0.925
922.830269494,0.0171,0.9524,0.5431,1.083
923.843166793,0.0284,0.8916,0.4359,0.980
924.831070357,-0.0156,0.8182,0.5764,0.987
925.831372034,-0.0156,0.8296,0.4102,0.913
926.831352951,0.1401,0.9329,0.5989,1.103
927.831497239,-0.0790,0.8798,0.5629,1.034
928.831896613,-0.1591,0.8615,0.6520,1.079
929.832135057,-0.0050,0.8528,0.5313,0.991
930.832343106,0.0109,0.8155,0.4580,0.922
931.832612923,-0.1152,0.8432,0.5288,0.989
932.832878345,-0.1787,0.8343,0.4686,0.961
933.833166431,-0.0725,0.9243,0.5971,1.090
934.833673919,-0.1538,0.8651,0.5024,1.000
935.834060353,-0.0472,0.8453,0.4204,0.933
936.834544281,-0.0200,0.8532,0.6998,1.090
937.840807302,-0.0922,0.7198,0.4073,0.820
938.838093436,-0.0120,0.9990,0.5691,1.137
939.83557069,-0.0987,1.0367,0.5920,1.185
940.835883435,0.1891,0.8518,0.3850,0.940
941.836267957,-0.0789,0.7681,0.5954,0.962
942.83659714,-0.0790,0.8949,0.5360,1.033
943.837009698,-0.0472,0.7254,0.3049,0.776
944.836886367,-0.0363,0.7766,0.4915,0.907
945.837036432,-0.0346,0.7545,0.4258,0.854
946.837828995,-0.0154,0.8034,0.4537,0.910
947.838485571,-0.0184,0.9118,0.4309,0.996
948.838816422,-0.0523,0.8817,0.5107,1.007
949.839046647,-0.0508,0.9414,0.3553,0.995
950.839580868,-0.0241,0.8157,0.5033,0.946
951.852935931,0.1096,0.7388,0.6978,1.008
952.840117734,0.1404,0.6964,0.7522,1.020
953.840645201,0.0075,0.7295,0.6476,0.962
954.840987568,0.1009,0.9089,0.5335,1.045
955.841248392,-0.0601,0.9124,0.4998,1.029
956.841523376,-0.0226,0.8733,0.4976,0.992
957.841908793,-0.0961,0.9561,0.3525,1.012
958.842173849,-0.0645,0.9690,0.4970,1.078
959.842614483,-0.1021,0.9568,0.4728,1.060
960.842936627,-0.1109,0.9022,0.4781,1.015
961.843278017,0.0238,0.8899,0.5280,1.022
962.843464175,-0.1088,0.8458,0.3811,0.922
963.843850446,0.0394,0.8136,0.6960,1.057
964.84398977,0.0233,0.8512,0.6953,1.085
965.849723576,0.0537,0.7899,0.6099,0.985
966.847074691,-0.0081,0.9235,0.4669,1.022
967.861567652,-0.1051,0.9452,0.2952,0.984
968.844724757,-0.1825,0.8979,0.3523,0.970
969.844938259,-0.1688,0.9209,0.3750,0.997
970.845271267,-0.0927,0.8833,0.2392,0.909
971.845444445,-0.0803,0.8100,0.5048,0.945
972.84572012,0.0551,0.8721,0.6135,1.054
973.846022855,-0.0766,0.8449,0.4505,0.948
974.846193836,-0.0481,0.8179,0.3844,0.892
975.846538522,-0.0402,0.9500,0.5359,1.078
976.846750559,-0.0811,0.8618,0.4354,0.956
977.846970448,0.0297,0.8887,0.4938,1.004
978.847861196,-0.1974,0.7448,0.7002,1.029
979.847812816,-0.0070,0.8108,0.6081,1.000
980.848103669,0.1193,0.7721,0.6499,1.002
981.848247469,0.3116,0.9996,0.6607,1.224
982.848586011,0.1175,0.9726,0.4949,1.084
983.85372684,0.2067,0.9980,0.3118,1.053
984.867876254,-0.1635,1.0738,0.3927,1.144
985.849415602,-0.2176,0.9593,0.2739,1.011
986.850069452,-0.1826,0.9973,0.2184,1.027
987.850350092,-0.1134,1.0796,0.3534,1.130
988.850676305,-0.0599,0.9145,0.3360,0.964
989.851127111,-0.1577,0.9951,0.5105,1.117
990.851540401,-0.0546,0.9624,0.5947,1.120
991.852341264,0.0414,1.0006,0.4012,1.066
992.852649696,0.0405,0.7827,0.3331,0.839
993.852631304,-0.0034,0.9862,0.4267,1.062
994.852824908,0.0919,0.7623,0.3740,0.841
995.852973916,-0.0499,0.8200,0.5474,0.974
996.853117023,-0.1028,0.8770,0.4370,0.973
997.853619384,-0.0455,0.8490,0.3566,0.910
998.865563029,-0.0671,1.0221,0.4191,1.095
999.854236288,-0.0494,0.9202,0.5070,1.039
1000.854593425,-0.0361,0.8621,0.5230,0.996
1001.854970704,0.0112,0.8335,0.3788,0.903
1002.855664512,-0.0694,0.8148,0.5029,0.947
1003.855837038,0.0009,0.8876,0.4996,1.005
1004.856118329,0.0178,0.9953,0.4033,1.061
1005.857028161,0.1574,1.0530,0.4633,1.148
1006.856686324,-0.2040,0.8839,0.4471,1.000
1007.857040776,0.1699,0.8167,0.4572,0.937
1008.857299891,-0.0749,0.8401,0.5795,1.010
1009.857758713,-0.0942,1.0317,0.5927,1.181
1010.868584804,-0.0090,0.8772,0.5634,1.029
1011.858456752,0.0258,0.7945,0.5015,0.926
1012.858874803,0.0333,0.8547,0.5425,0.999
1013.859336962,0.0561,0.8169,0.6713,1.045
1014.859858203,0.1203,0.7171,0.6168,0.939
1015.859775887,-0.0103,0.8538,0.8027,1.158
1016.859895313,0.1159,0.7058,0.6223,0.934
1017.860175139,0.1749,0.7868,0.6151,0.999
1018.860434946,0.0872,0.7963,0.6612,1.024
1019.86055836,0.0002,0.8401,0.5768,1.006
1020.860957204,0.0007,0.8640,0.5533,1.013
1021.861238048,-0.0117,0.8971,0.5078,1.018
1022.861398571,-0.0333,0.8760,0.4578,0.976
1023.870564262,-0.0128,0.8887,0.4738,0.994
1024.867709851,-0.0165,0.8941,0.5200,1.021
1025.86257057,-0.0190,0.9156,0.5023,1.031
1026.862891045,-0.0498,0.8955,0.4768,1.003
1027.863283136,-0.0161,0.9024,0.4990,1.018
1028.864141412,-0.0532,0.9058,0.4894,1.018
1029.864035212,-0.0190,0.8711,0.5227,1.003
1030.864243505,-0.0036,0.8476,0.4707,0.956
1031.864638973,-0.0106,0.8800,0.5430,1.021
1032.864822445,-0.0239,0.8770,0.4978,0.996
1033.864926653,-0.0158,0.8656,0.4443,0.960
1034.865235003,-0.0129,0.8739,0.4534,0.972
1035.865517189,-0.0454,0.8838,0.4852,0.996
1036.869386289,-0.0153,0.8920,0.4558,0.989
1037.867297138,-0.0460,0.9101,0.4465,1.002
1038.866208963,-0.0255,0.8672,0.4828,0.980
1039.86652419,0.0116,0.8534,0.4808,0.966
1040.866778666,-0.0109,0.8955,0.4708,0.999
1041.867095276,-0.0142,0.8999,0.4923,1.013
1042.867477275,-0.0079,0.8901,0.4752,0.996
1043.867992738,-0.0357,0.8857,0.4832,0.997
1044.868335553,-0.0411,0.8949,0.4558,0.992
1045.868558983,-0.0460,0.9281,0.4503,1.020
1046.868822207,-0.2016,0.9787,0.2687,1.024
1047.869106591,-0.2163,0.9682,0.3779,1.050
1048.869493636,-0.2658,0.7960,0.6653,1.059
1049.86974799,-0.1288,0.8697,0.4919,0.995
1050.883370224,-0.0118,0.8647,0.4969,0.984
1051.870384506,-0.0479,0.9038,0.4714,1.008
1052.87101915,-0.1586,0.9372,0.7467,1.196
1053.871491034,-0.1945,0.8663,0.6977,1.117
1054.871986599,-0.2723,0.8510,0.5908,1.060
1055.872203763,-0.2997,0.8279,0.7235,1.128
1056.872544991,-0.2562,0.7271,0.6287,0.983
1057.872844348,-0.2063,0.8421,0.5176,0.998
1058.87318993,-0.0266,0.9247,0.4210,1.004
1059.873663441,0.1934,0.9592,0.4234,1.053
1060.874110097,0.2415,0.9453,0.3756,1.032
1061.874282338,-0.0416,0.9589,0.4241,1.037
1062.875250641,-0.0357,0.9515,0.6015,1.113
1063.875062328,-0.0911,0.8562,0.5356,1.001
1064.879727164,-0.0041,0.8971,0.7503,1.156
1065.877300529,-0.1504,0.9769,0.5646,1.126
1066.875912386,0.1362,0.7738,0.2876,0.824
1067.87629231,-0.0707,0.9688,0.4650,1.064
1068.876430413,-0.0259,0.8770,0.4710,0.983
1069.876797764,0.0981,0.9463,0.5202,1.071
1070.877361485,0.0957,0.8990,0.5216,1.030
1071.877713984,0.0280,0.8485,0.4291,0.938
1072.878106074,0.1793,0.9688,0.5914,1.135
1073.878440792,-0.0864,0.9130,0.6156,1.091
1074.878689002,-0.0806,0.9388,0.5988,1.103
1075.878893999,0.0463,0.8344,0.5184,0.970
1076.879233762,0.2538,0.8668,0.4591,0.999
1077.879723468,0.2553,0.9235,0.4489,1.044
1078.880349201,0.3905,0.8875,0.3538,1.018
1079.889174722,-0.0206,1.2523,0.3795,1.297
1080.88068046,0.0099,0.7868,0.6065,0.980
1081.88112146,-0.8117,0.5383,0.4579,1.071
1082.88164506,0.0729,0.4609,1.0228,1.111
1083.88184904,-0.0148,0.7722,0.6193,0.976
1108.493872449,-0.1736,0.7255,0.7426,1.040
1109.48645151,-0.1765,0.6089,0.6082,0.866
1110.486733168,-0.0403,0.7612,0.6159,0.966
1111.487012953,-0.1186,0.6672,0.7289,0.982
1112.48745672,-0.1063,0.6663,0.7517,0.997
1113.488037653,-0.2538,0.6609,0.6684,0.962
1114.487875138,-0.0184,0.6176,0.8278,1.019
1115.488349178,-0.0314,0.6066,0.6915,0.907
1116.488595109,-0.0377,0.7023,0.6757,0.962
1117.489067929,-0.1337,0.6463,0.7251,0.968
1118.489198463,-0.0964,0.6607,0.7974,1.027
1119.489417865,-0.0371,0.5871,0.9015,1.063
1120.489655088,-0.0162,0.5084,0.9006,1.021
1121.489809223,-0.0924,0.6959,0.8210,1.067
1122.489996601,-0.2263,0.6558,0.7208,0.988
1123.490483662,-0.1572,0.5744,0.8347,1.013
1124.490616191,-0.1192,0.5856,0.8185,1.000
1125.490976746,-0.1844,0.6214,0.8471,1.054
1126.491363832,-0.0447,0.6729,0.7781,1.016
1127.491842348,-0.0657,0.6939,0.7492,1.010
1128.492198346,-0.0108,0.6701,0.8603,1.077
1129.492583234,-0.1419,0.5987,0.7268,0.939
1130.492738182,-0.0690,0.6427,0.7784,0.998
1131.492862776,-0.0308,0.7434,0.8481,1.115
1132.493140812,-0.0927,0.6450,0.7165,0.955
1133.493381779,-0.0817,0.6545,0.8075,1.029
1134.493474065,-0.1439,0.5967,0.7044,0.921
1135.493958563,-0.0568,0.6471,0.8251,1.037
1136.501701361,-0.0911,0.6968,0.7449,1.011
1137.494665025,-0.1218,0.6983,0.7494,1.018
1138.495311632,-0.2006,0.6279,0.6805,0.935
1139.495522163,-0.1235,0.5560,0.7115,0.898
1140.495395495,-0.0989,0.5087,0.9500,1.069
1141.495708688,-0.0657,0.5684,0.8004,0.971
1142.496097685,-0.1615,0.7011,0.6901,0.984
1143.496271066,-0.1620,0.6723,0.6811,0.958
1144.496456166,-0.1256,0.6885,0.7831,1.037
1145.496871775,-0.0367,0.7401,0.5057,0.884
1146.497166576,0.0157,0.6703,0.7741,1.010
1147.49736022,-0.0766,0.7365,0.8649,1.125
1148.503995231,-0.1906,0.7150,0.5810,0.928
1149.502855705,-0.3308,0.5822,0.5254,0.841
1150.498456902,-0.1030,0.6854,0.6978,0.970
1151.498548821,-0.0784,0.6011,0.8007,0.991
1152.498695265,-0.1240,0.5729,0.8571,1.025
1153.499473505,-0.1185,0.6494,0.7371,0.976
